insert into game
values ('bf74f86e-20df-47e4-b9e4-159bdf2ad8d1', 'Minecraft'),
       ('b153980c-9164-47b6-9009-8c6db4c9952b', 'Among Us'),
       ('9a5c4813-af0e-437c-9ab2-e100823f4b28', 'League of Legends'),
       ('b75dee7e-78ea-4576-a077-eea286a5d096', 'Genshin Impact'),
       ('1ea38ce5-0ca0-47be-a415-9d88d78e3dd2', 'Terraria'),
       ('9c63474c-5e31-4538-b20b-9f389810269d', 'Raft'),
       ('f7e5a2da-73fb-4abf-a650-80fcc28af4fa', 'Gang Beasts'),
       ('41291b20-548e-4ec6-98d3-3cee24d854e9', 'Dota 2'),
       ('6f36ac2d-15a7-4397-94ce-9f920aaba1fd', 'Rust'),
       ('9955238a-9f7c-4b28-bf58-908c754d7c61', 'Counter-strike: global offensive'),
       ('d0be7523-513e-4a96-a98b-36ab0b65f84d', 'Hunt:Showdown'),
       ('5b8431a1-baa9-4798-970d-b2595f891e7e', 'Dayz'),
       ('d53bb296-9c80-4948-a55f-c3ac2bef90dc', 'The forest'),
       ('a54df350-765d-4097-803d-34a74796d56e', 'Stardew Valley'),
       ('1bef0621-f7e2-420c-8815-48efd1d1c612', 'Factorio'),
       ('0f975e06-362c-46f3-8101-8a2312180d10', 'War Thunder'),
       ('b6dd7e38-88a4-4a44-9d88-3bb8999cbcf0', 'Phasmophobia'),
       ('774ee4b0-9f7f-469d-b774-b0fc718d9038', 'Elden Ring'),
       ('db2e4bf8-36f3-446c-a7b2-a34bd2a896d9', 'Warframe'),
       ('8d9db226-62d9-43d7-a3b4-c2761a6c9624', 'Apex Legends'),
       ('b7cde2cf-f58a-42ca-b55c-e5f95283ec7c', 'Dark Souls'),
       ('fca449ea-4ce5-4763-8c7b-3fd544e87210', 'Human: Fall Flat'),
       ('3a71ca03-2917-419e-8059-4a84bc73d8f1', 'Descenders'),
       ('e0029397-4a28-4ddb-8470-7dde33623e16', 'Suspects: Mystery Mansion');

insert into genre
values ('32b4d723-3794-49a7-bb8e-ac8645d68266', 'Platformer'),
       ('94b5af1a-e1d5-4317-94d1-a3ac4a775c13', 'Shooter'),
       ('cc59de3e-cd08-49ac-847d-099610329216', 'Fighting'),
       ('00df0847-62ed-4e29-9035-c094552b4e57', 'Survival'),
       ('84edcf44-137a-457a-8a7c-7efed30a9a14', 'Battle royal'),
       ('bd220eee-cae1-41b3-bde3-1a77111e5794', 'Adventure'),
       ('a1beca18-cb04-435d-87d6-2c78b9a06a50', 'Interactive movie'),
       ('8eb307d7-9e6b-4122-a6a5-1355302c8aeb', 'Puzzle'),
       ('3c2bfcaa-a8cc-4e53-bf35-84e3ad9d2f02', 'Logical'),
       ('24527aea-a598-4dac-8b29-e7f2b0c02f71', 'Role-playing'),
       ('fc0bd65b-2b7a-4e7d-9716-6c4fd8d3acaa', 'MMORPG'),
       ('cfe0e4c2-eb92-4207-8895-46f181f47982', 'Roguelike'),
       ('616b62d4-8313-4122-a7ae-e9109fea1d86', 'Sandbox'),
       ('1fc225ca-8015-4a94-9863-a0efde75fd23', 'Strategy'),
       ('c88b69d6-5578-46c6-86d1-7e04d4aaab2d', 'Tower defense'),
       ('50568435-0176-4513-b6fd-24f33aac02a8', 'War-game'),
       ('1b09bd58-91ed-46cb-a77c-e6c53fa761ee', 'Sport'),
       ('76d060ae-e391-4e6b-8ef7-53da3f5485a8', 'Casual'),
       ('8ea4f2bd-5aec-4011-9f99-efb2b8230fe9', 'Horror'),
       ('9dc74b48-5ec7-4e1e-8def-4cf44c6df177', 'Social deduction'),
       ('aa736201-092c-4649-a8bd-40396db94125', 'Open world'),
       ('b0c7bfd0-70d9-4923-8399-54cb64f7da20', 'Action'),
       ('38a03e01-9848-4fdf-8916-04392d76148f', 'Life simulation'),
       ('8d55d568-d396-4cd8-b241-daf3652cc564', 'MOBA'),
       ('4aa3b0b2-161d-4955-9671-4ef8493a9334', 'RPG'),
       ('25694146-ebdc-415e-9fd8-aabd23142cf9', 'Construction and management simulation'),
       ('b50841a1-8929-4fca-a592-2035e60cf6ac', 'Race');

insert into genre_game
values ('bf74f86e-20df-47e4-b9e4-159bdf2ad8d1', '616b62d4-8313-4122-a7ae-e9109fea1d86'),
       ('bf74f86e-20df-47e4-b9e4-159bdf2ad8d1', '00df0847-62ed-4e29-9035-c094552b4e57'),
       ('b153980c-9164-47b6-9009-8c6db4c9952b', '9dc74b48-5ec7-4e1e-8def-4cf44c6df177'),
       ('b153980c-9164-47b6-9009-8c6db4c9952b', '00df0847-62ed-4e29-9035-c094552b4e57'),
       ('9a5c4813-af0e-437c-9ab2-e100823f4b28', '1fc225ca-8015-4a94-9863-a0efde75fd23'),
       ('9a5c4813-af0e-437c-9ab2-e100823f4b28', '8d55d568-d396-4cd8-b241-daf3652cc564'),
       ('b75dee7e-78ea-4576-a077-eea286a5d096', '4aa3b0b2-161d-4955-9671-4ef8493a9334'),
       ('b75dee7e-78ea-4576-a077-eea286a5d096', 'b0c7bfd0-70d9-4923-8399-54cb64f7da20'),
       ('b75dee7e-78ea-4576-a077-eea286a5d096', 'aa736201-092c-4649-a8bd-40396db94125'),
       ('1ea38ce5-0ca0-47be-a415-9d88d78e3dd2', '32b4d723-3794-49a7-bb8e-ac8645d68266'),
       ('1ea38ce5-0ca0-47be-a415-9d88d78e3dd2', '616b62d4-8313-4122-a7ae-e9109fea1d86'),
       ('1ea38ce5-0ca0-47be-a415-9d88d78e3dd2', '00df0847-62ed-4e29-9035-c094552b4e57'),
       ('9c63474c-5e31-4538-b20b-9f389810269d', '00df0847-62ed-4e29-9035-c094552b4e57'),
       ('9c63474c-5e31-4538-b20b-9f389810269d', 'aa736201-092c-4649-a8bd-40396db94125'),
       ('f7e5a2da-73fb-4abf-a650-80fcc28af4fa', 'cc59de3e-cd08-49ac-847d-099610329216'),
       ('f7e5a2da-73fb-4abf-a650-80fcc28af4fa', '76d060ae-e391-4e6b-8ef7-53da3f5485a8'),
       ('41291b20-548e-4ec6-98d3-3cee24d854e9', '8d55d568-d396-4cd8-b241-daf3652cc564'),
       ('6f36ac2d-15a7-4397-94ce-9f920aaba1fd', '00df0847-62ed-4e29-9035-c094552b4e57'),
       ('6f36ac2d-15a7-4397-94ce-9f920aaba1fd', 'aa736201-092c-4649-a8bd-40396db94125'),
       ('9955238a-9f7c-4b28-bf58-908c754d7c61', '94b5af1a-e1d5-4317-94d1-a3ac4a775c13'),
       ('9955238a-9f7c-4b28-bf58-908c754d7c61', 'b0c7bfd0-70d9-4923-8399-54cb64f7da20'),
       ('d0be7523-513e-4a96-a98b-36ab0b65f84d', '94b5af1a-e1d5-4317-94d1-a3ac4a775c13'),
       ('d0be7523-513e-4a96-a98b-36ab0b65f84d', '00df0847-62ed-4e29-9035-c094552b4e57'),
       ('d0be7523-513e-4a96-a98b-36ab0b65f84d', '8ea4f2bd-5aec-4011-9f99-efb2b8230fe9'),
       ('d0be7523-513e-4a96-a98b-36ab0b65f84d', 'aa736201-092c-4649-a8bd-40396db94125'),
       ('5b8431a1-baa9-4798-970d-b2595f891e7e', '94b5af1a-e1d5-4317-94d1-a3ac4a775c13'),
       ('5b8431a1-baa9-4798-970d-b2595f891e7e', '00df0847-62ed-4e29-9035-c094552b4e57'),
       ('5b8431a1-baa9-4798-970d-b2595f891e7e', '8ea4f2bd-5aec-4011-9f99-efb2b8230fe9'),
       ('5b8431a1-baa9-4798-970d-b2595f891e7e', 'aa736201-092c-4649-a8bd-40396db94125'),
       ('d53bb296-9c80-4948-a55f-c3ac2bef90dc', '00df0847-62ed-4e29-9035-c094552b4e57'),
       ('d53bb296-9c80-4948-a55f-c3ac2bef90dc', '8ea4f2bd-5aec-4011-9f99-efb2b8230fe9'),
       ('d53bb296-9c80-4948-a55f-c3ac2bef90dc', 'aa736201-092c-4649-a8bd-40396db94125'),
       ('a54df350-765d-4097-803d-34a74796d56e', '38a03e01-9848-4fdf-8916-04392d76148f'),
       ('a54df350-765d-4097-803d-34a74796d56e', '76d060ae-e391-4e6b-8ef7-53da3f5485a8'),
       ('1bef0621-f7e2-420c-8815-48efd1d1c612', '25694146-ebdc-415e-9fd8-aabd23142cf9'),
       ('1bef0621-f7e2-420c-8815-48efd1d1c612', '616b62d4-8313-4122-a7ae-e9109fea1d86'),
       ('0f975e06-362c-46f3-8101-8a2312180d10', '50568435-0176-4513-b6fd-24f33aac02a8'),
       ('0f975e06-362c-46f3-8101-8a2312180d10', 'b0c7bfd0-70d9-4923-8399-54cb64f7da20'),
       ('b6dd7e38-88a4-4a44-9d88-3bb8999cbcf0', '00df0847-62ed-4e29-9035-c094552b4e57'),
       ('b6dd7e38-88a4-4a44-9d88-3bb8999cbcf0', '8ea4f2bd-5aec-4011-9f99-efb2b8230fe9'),
       ('774ee4b0-9f7f-469d-b774-b0fc718d9038', '4aa3b0b2-161d-4955-9671-4ef8493a9334'),
       ('774ee4b0-9f7f-469d-b774-b0fc718d9038', 'b0c7bfd0-70d9-4923-8399-54cb64f7da20'),
       ('db2e4bf8-36f3-446c-a7b2-a34bd2a896d9', '94b5af1a-e1d5-4317-94d1-a3ac4a775c13'),
       ('db2e4bf8-36f3-446c-a7b2-a34bd2a896d9', 'b0c7bfd0-70d9-4923-8399-54cb64f7da20'),
       ('db2e4bf8-36f3-446c-a7b2-a34bd2a896d9', '4aa3b0b2-161d-4955-9671-4ef8493a9334'),
       ('8d9db226-62d9-43d7-a3b4-c2761a6c9624', '94b5af1a-e1d5-4317-94d1-a3ac4a775c13'),
       ('8d9db226-62d9-43d7-a3b4-c2761a6c9624', '84edcf44-137a-457a-8a7c-7efed30a9a14'),
       ('8d9db226-62d9-43d7-a3b4-c2761a6c9624', 'b0c7bfd0-70d9-4923-8399-54cb64f7da20'),
       ('b7cde2cf-f58a-42ca-b55c-e5f95283ec7c', 'b0c7bfd0-70d9-4923-8399-54cb64f7da20'),
       ('b7cde2cf-f58a-42ca-b55c-e5f95283ec7c', '4aa3b0b2-161d-4955-9671-4ef8493a9334'),
       ('fca449ea-4ce5-4763-8c7b-3fd544e87210', '8eb307d7-9e6b-4122-a6a5-1355302c8aeb'),
       ('fca449ea-4ce5-4763-8c7b-3fd544e87210', '76d060ae-e391-4e6b-8ef7-53da3f5485a8'),
       ('3a71ca03-2917-419e-8059-4a84bc73d8f1', 'b50841a1-8929-4fca-a592-2035e60cf6ac'),
       ('3a71ca03-2917-419e-8059-4a84bc73d8f1', '1b09bd58-91ed-46cb-a77c-e6c53fa761ee'),
       ('3a71ca03-2917-419e-8059-4a84bc73d8f1', 'b0c7bfd0-70d9-4923-8399-54cb64f7da20'),
       ('e0029397-4a28-4ddb-8470-7dde33623e16', '9dc74b48-5ec7-4e1e-8def-4cf44c6df177'),
       ('e0029397-4a28-4ddb-8470-7dde33623e16', '00df0847-62ed-4e29-9035-c094552b4e57');

insert into users
values ('80611d84-90e6-4ba9-af74-25712dfc99bf', 'polina',
        '$2a$10$MHDZYxyLPT/TAR9i/.AVnuRRV1G4DFx19iU6vO4t42jR5lXFLvb9K'),
       ('2611f7e9-8aad-4f4f-ab08-90f09fd5f672', 'katya',
        '$2a$10$MHDZYxyLPT/TAR9i/.AVnuRRV1G4DFx19iU6vO4t42jR5lXFLvb9K'),
       ('d6d5cb8a-de65-4918-be3d-ccbaca0b2924', 'game_master',
        '$2a$10$MHDZYxyLPT/TAR9i/.AVnuRRV1G4DFx19iU6vO4t42jR5lXFLvb9K'),
       ('0da515fe-584b-4b23-909a-0c409aefa12d', 'polka',
        '$2a$10$MHDZYxyLPT/TAR9i/.AVnuRRV1G4DFx19iU6vO4t42jR5lXFLvb9K'),
       ('40adfd6d-f38a-402b-8eaf-2993a962b44c', 'cherrywood',
        '$2a$10$MHDZYxyLPT/TAR9i/.AVnuRRV1G4DFx19iU6vO4t42jR5lXFLvb9K'),
       ('ee2b1bbd-68d8-4779-936c-d71b68c86c8e', 'prazzdnikova',
        '$2a$10$MHDZYxyLPT/TAR9i/.AVnuRRV1G4DFx19iU6vO4t42jR5lXFLvb9K'),
       ('779ace81-676b-4e50-b860-280237fbbff7', 'valisska',
        '$2a$10$MHDZYxyLPT/TAR9i/.AVnuRRV1G4DFx19iU6vO4t42jR5lXFLvb9K');

insert into profile
values ('7df342c8-c692-40dc-8726-ce58167b7429', '80611d84-90e6-4ba9-af74-25712dfc99bf', 'polina', 'FEMALE',
        '2001-04-29'),
       ('4d2b3134-f4c2-48ab-a08d-f4722b2e0a63', '2611f7e9-8aad-4f4f-ab08-90f09fd5f672', 'polka', 'FEMALE',
        '2021-08-08'),
       ('f435198d-4c46-4714-8e28-dcc05d4cb796', 'd6d5cb8a-de65-4918-be3d-ccbaca0b2924', 'pro gamer', 'MALE',
        '2008-03-22'),
       ('3435de42-994b-45b0-a32d-9f6b37fb4de0', '0da515fe-584b-4b23-909a-0c409aefa12d', 'polka', 'FEMALE',
        '2001-08-09'),
       ('32485b88-448d-4b11-b27f-5d9638cd11a2', '40adfd6d-f38a-402b-8eaf-2993a962b44c', 'cherry', 'FEMALE',
        '2001-04-28'),
       ('8913f13f-9a03-4956-ba55-a6a93d974b52', 'ee2b1bbd-68d8-4779-936c-d71b68c86c8e', 'maria', 'FEMALE',
        '2002-02-25'),
       ('683ad51a-ddfd-4971-b5dc-f48e87ca8057', '779ace81-676b-4e50-b860-280237fbbff7', 'va$$ilisa', 'FEMALE',
        '2001-08-26');

insert into search_request
values ('c12aab83-a695-4270-a4d3-861bcbc93b2f', 'Го в майн', 'f435198d-4c46-4714-8e28-dcc05d4cb796',
        'bf74f86e-20df-47e4-b9e4-159bdf2ad8d1', 'Кто вечером хочет в Майнкрафт? Хочу с техно магик сборкой сыграть',
        true, '2022-12-17 15:35:57'),
       ('8f4ca9cf-7296-49de-8577-86a0e427f11b', 'Нужен пчелик в лигу!', '32485b88-448d-4b11-b27f-5d9638cd11a2',
        '9a5c4813-af0e-437c-9ab2-e100823f4b28',
        'Хай! Не хватает человека для пати в лиге. Кто хочет? С хорошим скилом, пожалуйста!', true,
        '2022-12-17 19:30:57'),
       ('864b34fe-ff87-4f1f-8742-20374a820a0e', 'Ищу игрока на вечер в майнкрафт',
        '32485b88-448d-4b11-b27f-5d9638cd11a2',
        'bf74f86e-20df-47e4-b9e4-159bdf2ad8d1',
        'Привет! Меня зовут Полина, ищу человека, с которым можно вечерочками поиграть в майнкрафт. Могу играть вечером и по выходным. От 18, пожалуйста :з',
        true, '2022-12-16 19:30:57'),
       ('d52ef88a-2755-4caf-ae94-880d6b6107d8', 'Кто может помочь в Генишне?', '3435de42-994b-45b0-a32d-9f6b37fb4de0',
        'b75dee7e-78ea-4576-a077-eea286a5d096',
        'Всем приветик! У меня 45 ранг, кто хочет вместе на данжи и боссов походить?', true, '2022-12-16 12:30:57'),
       ('3654f1b0-7fad-4bac-a008-c1f0ea9db433', 'Ищем компанию для амонг ас', '683ad51a-ddfd-4971-b5dc-f48e87ca8057',
        'b153980c-9164-47b6-9009-8c6db4c9952b',
        'Всем приветик, ищем людей в самую лучшую тусовочку для игры в амонг ас. Играем с модами! Было бы круто, если собралось много народа, так интереснее',
        true, '2022-12-15 13:30:57'),
       ('239f75ea-23e1-439d-bce8-c12d90002a4f', 'Помогите вкатиться в лигу', '32485b88-448d-4b11-b27f-5d9638cd11a2',
        '9a5c4813-af0e-437c-9ab2-e100823f4b28',
        'Хотела попробовать сыграть в лигу! Кто может подскажать, что там да как? Буду рада, спасибочки!', false,
        '2022-11-16 19:30:57'),
       ('7f725770-ce03-4f49-ad9a-d9d8a9744cfa', 'Хочется в майнкрафт', '4d2b3134-f4c2-48ab-a08d-f4722b2e0a63',
        'bf74f86e-20df-47e4-b9e4-159bdf2ad8d1',
        'Давно не играла в майнкрафт и вдруг захотелось, но одной скучно. Можем сыграть хоть в ванильный, хоть с модами',
        true, '2022-12-13 13:30:57');

insert into follower
values ('4d2b3134-f4c2-48ab-a08d-f4722b2e0a63', '864b34fe-ff87-4f1f-8742-20374a820a0e'),
       ('f435198d-4c46-4714-8e28-dcc05d4cb796', '864b34fe-ff87-4f1f-8742-20374a820a0e'),
       ('7df342c8-c692-40dc-8726-ce58167b7429', '864b34fe-ff87-4f1f-8742-20374a820a0e'),
       ('32485b88-448d-4b11-b27f-5d9638cd11a2', '7f725770-ce03-4f49-ad9a-d9d8a9744cfa'),
       ('8913f13f-9a03-4956-ba55-a6a93d974b52', '7f725770-ce03-4f49-ad9a-d9d8a9744cfa'),
       ('8913f13f-9a03-4956-ba55-a6a93d974b52', '3654f1b0-7fad-4bac-a008-c1f0ea9db433'),
       ('32485b88-448d-4b11-b27f-5d9638cd11a2', '3654f1b0-7fad-4bac-a008-c1f0ea9db433'),
       ('7df342c8-c692-40dc-8726-ce58167b7429', '3654f1b0-7fad-4bac-a008-c1f0ea9db433'),
       ('4d2b3134-f4c2-48ab-a08d-f4722b2e0a63', '3654f1b0-7fad-4bac-a008-c1f0ea9db433'),
       ('32485b88-448d-4b11-b27f-5d9638cd11a2', 'd52ef88a-2755-4caf-ae94-880d6b6107d8'),
       ('f435198d-4c46-4714-8e28-dcc05d4cb796', 'd52ef88a-2755-4caf-ae94-880d6b6107d8');

insert into chat
values ('f18e0cce-1be5-45d9-886d-11858ecb058b', 'Копатели онлайн', '32485b88-448d-4b11-b27f-5d9638cd11a2',
        '2022-12-17 17:01:00', '864b34fe-ff87-4f1f-8742-20374a820a0e'),
       ('4e23f1fe-c383-4140-ada5-3d3f7c5c878c', 'Казиныч', '3435de42-994b-45b0-a32d-9f6b37fb4de0',
        '2022-12-16 16:30:57',
        'd52ef88a-2755-4caf-ae94-880d6b6107d8'),
       ('62892d0b-c9f8-45af-96f8-d3f245821371', 'Тусовочка Амогусов', '683ad51a-ddfd-4971-b5dc-f48e87ca8057',
        '2022-12-15 14:30:57',
        '3654f1b0-7fad-4bac-a008-c1f0ea9db433');

insert into member
values ('f18e0cce-1be5-45d9-886d-11858ecb058b', '32485b88-448d-4b11-b27f-5d9638cd11a2'),
       ('f18e0cce-1be5-45d9-886d-11858ecb058b', '4d2b3134-f4c2-48ab-a08d-f4722b2e0a63'),
       ('4e23f1fe-c383-4140-ada5-3d3f7c5c878c', '3435de42-994b-45b0-a32d-9f6b37fb4de0'),
       ('4e23f1fe-c383-4140-ada5-3d3f7c5c878c', '32485b88-448d-4b11-b27f-5d9638cd11a2'),
       ('62892d0b-c9f8-45af-96f8-d3f245821371', '683ad51a-ddfd-4971-b5dc-f48e87ca8057'),
       ('62892d0b-c9f8-45af-96f8-d3f245821371', '8913f13f-9a03-4956-ba55-a6a93d974b52'),
       ('62892d0b-c9f8-45af-96f8-d3f245821371', '7df342c8-c692-40dc-8726-ce58167b7429');



